feature_0,feature_1,feature_2,feature_3,feature_4,feature_5,feature_6,feature_7,feature_8,feature_9,label
-0.4167578474054706,-0.056266827226329474,-2.136196095668454,1.6402708084049886,-1.7934355851948631,-0.841747365656204,0.5028814171580428,-1.2452880866072316,-1.057952218862339,-0.9090076149268493,0
0.5514540445464243,2.2922080128149576,0.04153939299840346,-1.1179254451135168,0.5390583205807888,-0.596159699806467,-0.019130496521151476,1.175001219500291,-0.7478709492938624,0.009025250973325124,1
-0.878107893240342,-0.15643417038462365,0.25657045200129563,-0.9887790487696217,-0.33882196602919634,-0.23618403085260128,-0.6376550124843012,-1.1876122863852843,-1.4212172273041268,-0.15349519567694914,0
-0.2690569602160135,2.2313667888866044,-2.434767576521044,0.11272650481664892,0.37044453666323424,1.3596338626725961,0.5018572067813133,-0.8442137038298618,9.761471596093479e-06,0.5423525721490291,0
-0.31350819699340887,0.7710117380694115,-1.8680906545637634,1.731184665980468,1.4676780105734129,-0.33567733852384746,0.6113407795737174,0.047970591868188375,-0.8291352890147787,0.08771021840833142,0
1.000365886550695,-0.38109251751534995,-0.37566942307899365,-0.07447076289398098,0.43349633007657085,1.2783792302718682,-0.6346793051793623,0.5083962426834318,0.21611600626368202,-1.8586123861234976,1
-0.41931648215268885,-0.13232889843674336,-0.0395702396936057,0.3260034333869806,-2.040323048728715,0.046255523141696904,-0.6776755773280415,-1.4394390267386181,0.5242964300103486,0.7352795760652026,0
-0.6532502677920357,0.8424562815713401,-0.3815164817650862,0.06648900914614486,-1.0987389469960565,1.5844870563956763,-2.6594494563834883,-0.09145262289065814,0.6951196050469914,-2.0334665461226136,0
-0.18946926471238082,-0.07721866535295716,0.8247030054369816,1.248212920597034,-0.4038922693379395,-1.3845186665358649,1.3672354239271245,1.2178856330562904,-0.46200534815338046,0.3508884940877463,1
0.38186623412669696,0.5662754414424561,0.20420797891411197,1.4066962416613704,-1.737959504384568,1.0408239533907289,0.38047197021500045,-0.21713526874487937,1.1735314984949534,-2.343603190999962,1
1.161521490740773,0.38607804760359454,-1.1331332736769826,0.43309255465669094,-0.3040864388013156,2.5852948680645493,1.8353327228648249,0.4406898724151096,-0.7192538414266773,-0.5834145945790076,1
-0.3250496283817861,-0.560234506237797,-0.9022460680705018,-0.5909722754694454,-0.2761794922507378,-0.5168838937325868,-0.6985899499363887,-0.9288919245238192,2.55043823587966,-1.4731732477998856,0
-1.0214147305220664,0.4323957009796062,-0.32358007007652395,0.42382470786588067,0.7991799950350154,1.2626136633248202,0.7519648492148806,-0.9937609831185908,1.109143281361648,-1.7649177282757555,0
-0.11442129703012066,-0.49817419392175855,-1.060799036330432,0.591666520727679,-0.18325657377958135,1.0198547293692373,-1.482465477822671,0.8463118918420798,0.49794014836682077,0.12650417530650623,0
-1.4188105511485343,-0.25177411836982405,-1.5466746112644163,-2.0826519357449493,3.2797454011113993,0.9708613200402733,1.792592852398284,-0.42901331850984487,0.6961979796114306,0.6974162722769295,0
0.6015158136671998,0.003659490714469374,-0.22824755819403428,-2.0696122626654505,0.6101440864066574,0.42349690044287275,1.1178867334508418,-0.2742420888635259,1.7418121884722342,-0.4475008761926458,1
-1.2554272183458584,0.9381636712741442,-0.4683462595582319,-1.2547203071128548,0.12482364638584453,0.7565021430525523,0.24143962884169234,0.49742564892473723,4.108692623805201,0.8211208773119116,0
1.5317603163169562,-1.9858457737926452,0.36505351644084066,0.7740820334046989,-0.3644790916126585,-0.8759794776653947,0.39652015868670865,-0.31461743565593103,-0.593755582882607,1.1495005677179824,1
1.3355661683407218,0.302629336178099,-0.45422785471611027,0.5143707174654486,0.8294584306133939,0.6306219672771203,-1.4533643496567887,-0.33801777735622784,0.3591333317938045,0.6222204144679329,1
0.9607819448432281,0.7583703471667697,-1.1343184830306183,-0.7074208875637867,-1.2214291650957685,1.8044766415797258,0.18040980691154634,0.5531642741578121,1.0330290659276213,-0.3290024347007063,1
-1.1510029441411485,-0.4265224708552696,-0.14814719117730177,1.5014369152565779,0.8695981975449449,-1.0870905748424415,0.66422141339563,0.7348846677409518,-1.0613657439308382,-0.10851682391898448,0
-1.8504039737914764,0.33048806399892017,-0.31569321030277364,-1.3500021026655444,-0.6981709975828928,0.2399511982728864,-0.5529494395632222,0.29952681318015834,0.552663695604199,-0.8404430124914968,0
-0.31227066965864375,2.144678089111037,0.12110558157832865,-0.8468287519418934,0.06046244900291209,-1.338588879868523,1.1327460759333483,0.3703048427472401,1.0858064040220967,0.90217939544059,0
0.39029644981076206,0.975509412228565,0.19157364660777806,-0.6622090117942488,-1.0235149847980303,-0.44817482334436864,-2.505458132074395,1.8259944571346691,-1.714067411096033,-0.07663956399736893,1
-1.3175672697540375,-2.025593591834587,-0.08224537503313031,-0.30466658484965703,-0.15972413012138645,0.5489465598226189,-0.6183754850876789,0.37879446570697467,0.513251444309333,-0.3348441254577186,0
-0.2835195163633108,0.5384242627906191,0.05725094652111058,0.15908848665021955,-2.3744026840662538,0.05851993528067137,0.37654591103404106,-0.13547976430318212,0.3359083951093597,1.904375909180253,0
0.08536443342265025,0.6653342779222267,-0.849995502715066,-0.8523417966884178,-0.47998511153265094,-1.0196490994759295,-0.007601138413295659,-0.9338306614168933,-0.17499684373475996,-1.4371434322307797,0
-1.6522002912415807,-0.6756617890008304,-1.0670671237833231,-0.6529311451382788,-0.6120947501678102,-0.3512624610927729,1.0454779876385054,1.3690160244009684,0.7253532593570585,-0.35947445914503007,0
1.496951789522486,-1.5311111075924402,-2.023363939007854,0.26797257647863143,-0.0022064454096617217,-0.1392918827686259,0.03256546931249139,-1.6405602248048416,-1.1566991705181415,1.234034681364575,1
1.0281848991561438,-0.7218797261099033,1.9331569663490777,-1.0707963256371735,-0.5713816078832427,0.29243206732993554,-1.1949998949248835,-0.48793054419186477,-0.17307116522547483,-0.39534640116680836,1
0.8708407646082093,0.5928067967811247,-1.0992973091284242,-0.6815306444640257,0.18006668493521302,-0.06693104399651724,-0.7877495403193006,0.42475367227529126,0.8198851165343835,-0.6311186825850962,1
0.7890596485823135,-1.621673802981331,-1.610499258510963,0.4999397639700475,-0.8345152073854781,-0.9969596870741779,-0.2633880770504882,-0.677360491743074,0.3270670380187368,-1.4553594449782488,0
-0.3715191243558081,3.1609659695458836,0.1099510128207583,-1.9135232182970854,0.5998204294582221,0.5493844654591697,1.3837810348694022,0.14834924340148598,-0.6535414440345464,1.4088339839624746,1
0.7120612274258531,-1.8007160407859215,0.7475989417792678,-0.232897001048777,1.110645280314125,-0.3733388129364676,0.7861460698232878,0.19416869565822822,0.5862040977207661,-0.02038729177207965,1
-0.4144085975292956,0.06731341235202175,0.6317989237843664,0.41759273052626394,1.6151762685116375,0.4256062110933309,0.6353637577374615,2.102229267452569,0.0661264168345027,0.5355583505835698,0
-0.6031407921579915,0.04195762919699333,1.6419146374719469,0.3116977066622208,1.4511698997815163,-1.0649278800787134,-1.4008454548115612,0.30752552669726113,-1.3696386726262684,2.6703372447996943,1
1.248450298019977,-1.2457265530543504,-0.16716877435038,-0.5766109302850346,0.41602174906776257,-0.05784726264190014,0.9318873578923119,1.4683321327196492,-0.22132094273129205,-1.1731556214427838,1
0.5626690781293578,-0.16451505729345556,1.1448553760006088,-0.1521176868008164,0.8297890458851083,0.33606595164985836,-0.1890440514657522,-0.44932860071632436,0.7135244477011201,2.5297348742134473,1
0.8376157939660211,-0.13168240325184408,0.7075928660409392,0.11405387792735878,-1.2808951779426705,0.3098462773847513,1.548290693962678,-0.31582804317236896,-1.125903780697406,0.4884966659384203,1
1.8309466569846282,0.9401759927377288,1.018717046893108,2.30237828854235,1.6210929776731056,0.712683273479498,-0.2087036291125146,0.1376179913049609,-0.10335216830067509,0.8483505668983571,1
-0.8831255611139024,1.5453868264718487,0.14584007314382133,-0.40010605647715836,0.8152060414373764,-2.0749223651627684,-0.8344373905441147,-0.6577184471075346,0.8205643322308263,-0.48915700126062506,0
1.4249670340520058,-0.44685789677074395,0.5211094309765637,-0.7081943801830011,1.155530589628884,-0.2545304593445047,0.5189249241623829,-0.4929949114545433,-1.0865481528840086,-0.2309174972810981,1
1.098010038758162,-1.0178780503219558,-1.529391355496218,-0.3079877367482591,0.7807543560226766,-1.0558396385658135,-0.54388338136983,0.18430173939835864,-0.33067584348757756,0.28720820216008086,0
1.1895281369043331,0.02120154785712008,-0.0654096803390754,0.7661159035350954,-0.061635084622049585,-0.9528971521266587,-1.0144630635201637,-1.1152639630376215,1.9126006784907756,-0.04526320313206409,1
0.5769097178061824,0.7178056951262264,-0.9389989977388749,0.6287758071996502,-0.5644934320615776,-2.0878074622887244,-0.21505013167504797,-1.075028563934741,-0.33797214936443226,0.3432127321965482,1
2.2825396395477124,-0.4957788482144945,-0.16396283233959474,0.3716221612603649,0.1865215199860129,-0.15842922418844002,-1.082929557197095,-0.9566255200649338,-0.18337673505653143,-1.159806896276608,1
-0.6577683624489188,-1.2514484063143279,1.1244828606924742,-1.4978398055076185,1.9020172233005366,-0.5803830380547186,-1.0549156743499069,-1.1827572043148213,0.7794800543734979,1.0265979505650449,1
-0.8486660011006626,0.3315396481068903,-0.14959135264789844,-0.24244060013170401,0.1511971753169305,0.7650694809624692,-1.9166305190091215,-2.2273412922974627,0.20668989738150004,-0.07087635595823141,0
0.6847599689489094,-1.707539050551093,-0.9865696649288421,1.5435363391035697,-1.3102705289478154,0.36343397187958704,-0.7948724445629353,-0.4052862668192303,-1.3777579314960953,1.186048675686366,1
-1.9038211429429313,-1.1981403783170779,-0.9100656426225537,1.1764541926831962,0.29921066962267073,0.6792671780240066,-0.017660679990449492,0.2360409229142486,0.49403587093525686,1.5462776458676437,0
0.2468575084668076,-1.4687757992872819,1.1470999424119412,0.09555698451187418,-1.107438726275637,-0.1762861412530986,-0.9827556665328718,2.086682727497769,-0.3446236706818767,-2.002079233146756,1
0.3032344329087319,-0.8298748447104052,1.2887694068618765,0.13492546217094,-1.778600641324842,-0.5007914895154542,-1.0881615688012674,-0.7578555532194674,-0.6437449001568133,-2.0087845274474123,1
0.19626289408165962,-0.8758963700149516,-0.8936092090801043,0.7519023551703334,1.8969322435522569,-0.6290791507985063,1.8120855271285323,-2.056265740737039,0.5627048871153756,-0.5820707574542218,0
-0.07400297487408615,-0.9864963639746409,-0.594722498919069,-0.31481184271131357,-0.3469405317942982,0.41144351633837156,2.3263909011211825,-0.6340531276364555,-0.15440996235811427,-1.7492888038122811,1
-2.519579296368879,1.3911624274193815,-1.329346442504521,-0.7455964142526198,0.021260849809426777,0.9109175148647429,0.3152760818398397,1.8662082052630138,-0.1824976232756789,-1.8282663395139096,0
0.13895571726056527,0.11945016466505277,-0.8188992001165687,-0.33263926484744866,-0.5863879554769582,1.7345163444050489,-0.6127515576665696,-1.3934420170010757,0.2794337565448723,-1.822231268440837,1
0.4270174575554754,0.4069877491120994,-0.8443082406155314,-0.5598201129278841,-0.6005204054093214,1.6148732370632584,0.3949532203796535,-1.2038134694447238,-1.2474724316113397,-0.07754624962855335,0
-0.013339751350870099,-0.7683232495933241,0.2912340100006445,-0.19733094812472654,1.0768296495301863,0.4374102318607927,-0.09319786632608736,0.13563141605607154,-0.8827088215741824,0.8847441942013677,1
0.38320446346006487,-0.41699414887532354,0.11779654975533185,-0.5366853088375119,2.4871845753316477,-0.45136105435065094,0.5188361269114733,0.364448005146325,-0.7983487290498046,0.00565779713141904,1
-0.32093470783238803,0.2495135497342965,0.25630839157723,0.7676250825051286,0.7830200873402383,-0.40706304681381245,-0.5248916671201976,-0.5898086834155772,-0.8625310861266463,-1.742872904242518,0
0.6036714606026271,-0.07961345202199653,-0.2112726914290075,-1.6577347444332275,-1.5010400898075342,-2.515439456144192,-0.10296103126109951,0.669229029240306,0.5943091570409794,-0.0781073373857635,1
-1.07873948838559,-0.008981629456878432,0.0023593343235819918,0.7057525382505124,0.7658674588387286,-0.26623673799618053,-0.03468536600121504,0.6961937524370047,0.4571885208182008,-0.17070155111718974,0
-2.1686184989032724,-0.6651801660841696,0.8387129855080627,0.14982795004340665,0.9531774002958466,-0.34524196498894705,0.0802706183098041,0.7935245958607177,0.6878241589209073,0.3916828643202379,0
1.088858465941407,1.3353117518313151,1.390346010109009,-1.6516795997914293,-0.4863185806843218,-0.32856846999650646,-0.3646150027984322,-1.6376143836466606,1.3011204225543935,-1.0013051531328936,1
0.09949926532119927,-2.404226052826724,-0.5070738022511005,-0.25804942622103477,-0.9358689143269845,0.7354104614614677,2.3804844604314117,-0.8755813300584485,-0.8652099642166615,1.7518181614711237,0
0.562041137590148,-0.3160940278343948,-1.2795568838505171,0.7326500134138723,0.2131586779458501,1.5525134336741606,-0.8709521134003226,-0.17356138645275357,-0.3079353892608146,-0.21683126452622384,0
1.057634570430107,0.8423693449991303,-0.640418909626921,-0.09232328944024648,-0.23081300811125374,0.889122317888442,-0.1762460665250549,-1.1179618506337168,-0.34530825548133437,-0.04777713869099145,1
0.9172204776794756,1.2758269008188117,1.2907679618437096,0.36410861848181525,-0.517934324153573,0.5812862400493362,-0.19092456465529514,-0.6252535181118734,0.2892525357002619,0.40029748684887834,1
0.8635321006557288,-0.9048818800969718,-1.673635985455855,0.49918435754761986,-0.9713322060557459,0.9901526821366652,-1.1083516669085596,-0.5900906004813742,-1.818252456768103,2.036649938694028,1
-0.4708067671068985,-0.0959694707052343,-0.5401460132005208,-0.254511210981099,0.8136763946582407,0.08813105729843528,-0.028935845636677237,1.1726825605641622,-1.3704239829145712,1.1135297903180037,0
1.5768901781404938,-1.4066995849136144,0.2529459259222099,-1.3054334269301247,-2.129869204804334,-0.8671255046975083,0.5053648958131307,0.7386518360931771,-0.38662578088771243,-0.8845777032933492,1
-0.45730882841073334,-0.7356405228435048,-0.6492051595618835,-2.428253457866956,-0.2571249692243189,-0.13697829608834663,2.1624624121221494,0.6575512468949224,-0.16026255883298413,0.0530264827598894,0
0.30835626159318,-0.7222880550643944,-2.1035583425932294,-0.7513748417424552,-0.24814333545105274,0.0935717871281185,-0.7396070759525862,-0.9457517119913266,-0.28770370962772635,0.03006005585484988,0
0.5472618035108127,-0.2663178683874312,0.41410374793434646,-1.022988219179459,0.7895225604104245,-0.08074795743806894,-1.3871694133275627,-0.2766663633760728,0.0828224803114542,-1.087394796735686,1
0.7020135249078566,-0.3561359306364889,0.4319889809259436,-1.0178627290595672,0.28774717235612307,0.7044508850090327,-0.462865876368337,-0.21445275025428703,-0.592966710881484,0.3116039835298371,1
0.010034370266821283,0.4788046089477663,-0.08030559203746405,-1.2922238111816327,-1.3334039877945194,-0.4698406767537679,0.44020679628136666,2.2426634713232216,0.8488214486643334,-0.6332611907514374,0
-2.0458666795913363,0.4944938657688551,-0.0019529124613947206,-1.231664490693115,0.8756889301774544,-0.010775641843918179,-0.43033555367957493,-1.9502770627300663,0.9491217282740722,0.050906988483733095,0
-0.2660210641477899,-0.9789306506980983,-0.38380984617756825,1.2218502608015014,0.5072266040303184,1.9898352945052529,1.048388658412122,0.33276252312412447,0.8843589988951195,0.14888618882722698,0
-1.4626783456605599,-0.6168444703349245,0.3213357957800812,-0.9464468643059093,-0.5301394082656447,-1.2592070153633834,1.6775440640418995,-1.331161728361028,-1.052874108968709,-0.8989854910729287,0
0.9611043126175778,1.116515990242778,-0.5651193836365183,0.5651217345119038,-0.9033609101596184,-0.00764231103606649,2.6036996678523514,0.9359161499586616,-0.050866672635910916,-1.3344122838221515,0
-0.3080027315580259,-1.3289151428067367,-2.1929667027074733,0.5994656154289272,0.5762751140739184,0.19392842527138224,0.9935055944790387,-1.6775653822905623,1.3921301151001328,-1.088751677383309,0
0.37428972527958326,0.4514339549025637,1.0743614124384175,1.9961107776075118,0.3454493700536566,-0.38280309959716463,-1.1133013122888222,0.2580030246049355,-0.8484144574350586,-1.3584540451126368,1
-0.20284073751885984,0.6711467630763592,-0.3099831748776173,-1.0533320111739566,0.14164145333083517,-1.2441039398488116,-1.5183726265876742,1.4589709711560053,0.24287429101830016,1.9802199546498271,1
-1.4746279564664293,1.0369178206413683,-0.17685588878250658,2.6796442348500067,-0.21542415113880914,-0.44445477140699097,0.42382096062950586,0.18896099506741396,-0.45913492833402875,0.9117478653157223,0
0.6901809236186843,0.8856915029709866,0.40041884763722146,-0.7096541894024758,-0.7002780873628642,0.5929927932633268,-0.9390573666975149,1.6980445091810443,0.03249471822108281,-0.7941779636336767,1
1.0375649064595,-0.020193338568806982,1.1971798354351166,0.21178717776129832,1.7682974317451594,-0.3834851831001172,-2.184177564251296,-1.5162047609820084,-1.6338836313995553,0.5898943038706894,1
1.809144985113021,-0.1950379091272407,-1.3343585791101273,0.6829213706163153,0.4537017730776355,-0.381164619520885,0.40794836267042056,0.006410206412873419,-1.1502176711378702,0.6856177463289291,1
-0.5047683741190548,-0.9496888805197257,-0.2363233910209902,1.5680050024093828,1.962369646323448,1.4001368343572698,-0.4950024225737853,-1.0271690756181238,0.3439427240421271,-0.16200335506054586,0
0.13903252680171282,-1.1304040903383152,-0.8862191251508665,-1.0758922738636993,0.7727037398279535,1.0623193136898084,-0.6826236006876765,0.5826138312017708,0.6415400191927079,-0.7399318698030295,0
0.009876068981459672,0.8134336738755577,-1.0146626830717715,1.2462817323081579,-0.20617025190204297,0.059367594634301774,-0.24434910997234527,-1.4817715470637092,0.33903748003994033,-0.006827494162580527,0
-0.41013674172266634,-0.21994216650674767,0.41730922328659115,-0.14741708417411323,-0.5302427526239428,0.08043039884739027,0.754160972742026,0.03592528245511326,-0.7961813948338929,0.8308785343568844,0
-0.2964085712030862,0.5853600987059865,-0.14596441094008608,-0.9442982757017118,-1.2751125538827608,-0.9005003138910339,-0.23414099912973063,-2.2526852817522354,0.38300857986707637,1.0996086261478037,0
-0.2421620155632103,-1.1095080008807998,-1.6669771278806946,0.22531780220998399,0.4119756892351083,0.05758565058515076,0.6963611506758581,-0.6724204209366768,-0.2525458822395315,0.2757510901775246,0
-0.22603156340188285,0.48720023996831563,0.49558839534617405,-0.27182112632644256,-0.9639652133297858,-0.7243774094634233,1.0955422592558364,-1.204167968908614,0.05973095330143845,-0.9963251548243026,1
2.307115280692177,-0.6345411501215028,0.633710809010041,-0.968499758582551,3.1919012466454055,-1.3362268659192313,0.3564358186661671,-1.2530646968930834,0.8192068337097612,-1.2558122151766846,1
-0.44351146249296436,-1.5951343988587234,-0.3977057560857359,0.0006286841107976548,1.7412245569739742,-2.3030328195053826,0.5449118010407394,0.04193095104817933,-0.6089141957968919,-0.21219413822626743,0
0.3906985174773879,-0.0375202982533049,-0.044051427746317956,-0.7806163907248542,-0.4010268944427705,0.48398246361641245,-0.9224436286691494,-0.5189746852082141,0.07342828161515076,0.32596855295335136,1
0.38599807551198184,-0.20198874437908923,-2.0344512297829684,0.7614850785178312,1.0014713300518612,1.1945101629366521,0.3394597716251989,0.843393007451568,-0.2971747840684916,-1.114311471294798,0
-0.17533077875855993,-0.24969259137090222,0.9916602889207575,0.7929907179932503,-0.5226550900242121,-0.4290122633501381,-0.052864739400423355,0.06299267544879088,1.4045297463835686,-0.5015124848500528,1
1.2722446257556403,-1.4018531271543777,-0.6932255980090163,1.6478751713610358,0.37322698074265814,0.08193179303476482,0.5687255935861036,-0.23448266812459279,0.03511023762508968,0.1967852699696977,1
0.19774991367911982,0.3368361362314052,-0.5976572586264365,0.3379366099620421,-0.730028117705647,0.560022058497286,-0.1881453897482699,0.22596107662380135,0.25554196785886957,-0.7585115225390326,0
-0.5537965268617788,-0.16412902313209554,0.4248010428031259,0.9135054835995078,-0.07424105148695632,-0.6988224523750899,0.21819577256591932,-0.041930427981571185,0.7290590474474038,1.1785954763808106,1
1.9156788821223303,-1.660404840782051,-0.4929852568511962,-0.0960824565097335,0.7536579293753193,0.6496361781879872,0.03593418000341157,0.741614046538866,-0.5686951372765738,-0.38453333453887567,1
0.27772181690660375,-1.080675274210254,1.5387359939272038,-0.8079649866116945,-1.1438008308968015,0.29669513566806444,-1.9207477271003446,-0.44728371789815247,-0.18530621098365718,1.2535672542353968,1
3.0094311885565737,0.1516470922636853,-1.298238354467522,0.24103720692640693,0.6429542438251072,-0.9317137468665752,0.3263307502618375,1.5523346151134727,0.4712998932992131,-0.7941500574453586,1
-0.5686120029765696,-1.6435428113896149,-0.44690427050504,-0.5902246024719148,1.3638252897418415,-1.5527578328277152,-1.5800695226876613,0.17428368055647953,0.5710335188840954,-0.5609986006931457,0
0.17514072234177805,0.6463503243614719,0.7168814293888305,0.34828060843862363,0.5209562683099942,-1.5514602525265606,0.7783658777042087,0.12268330620373355,-0.8369324548151991,-0.4074564233668153,1
-0.3060691197309398,-0.5591331870280085,-0.17973659587118762,-0.40374842284713686,-1.460153974462839,2.1207828208907245,0.3615065166711153,2.181731186753019,-0.29270937803343555,1.5849359756314727,0
-0.14694318764881514,1.5394133875612162,0.8998890940029004,0.7402516839885996,-0.19320397028540165,0.20199778833634963,1.3113060843098503,-2.000076695810401,-0.6981645831332934,-1.256572818413833,1
-0.9266079955422619,0.6003103941040154,0.8178505918529546,-0.20937184386589455,1.1134162271793842,-0.7432973334218372,-0.6044583415956847,0.11581714340030545,0.3927231631058914,-0.13753852950614973,0
-1.0713342164990416,0.5587127202999242,1.6898812752263495,-0.3789877882091447,0.020505118896650996,-1.1104925588953851,-0.008720589985642384,-0.9155590629051246,0.16704868848906673,1.5412878824408398,0
0.5178361568743584,-0.7253153530750016,0.7988103091840112,-1.7215295165978792,1.2002388522151475,0.2964903844193803,-1.0644030565082547,-0.32824449276059225,-0.9108697746931266,1.9821633344362959,1
0.5611641980874248,-1.0110747500841566,-0.6771006703271639,0.148227435905616,-0.578089148759065,0.2236902849466473,0.3665931977064946,-1.4544598168842944,0.5998484606539068,1.6568692363782567,0
0.30633630380025456,0.6079534369773959,-0.522741852909051,-0.5179123826899711,0.29161350399694896,-0.8871972678804493,-1.6165354033497437,0.8121538529019011,-0.656298843285933,0.20371847304077348,0
0.1005974098500913,0.3941610453454233,0.5830536763685569,0.5115273252763909,-0.3028474121346412,0.7999706684814757,-0.37036938206212205,0.34152201058569115,-0.6309632677088037,0.06960731156306942,1
-0.8600960913932836,1.3713204719910048,0.31171596435960985,-0.7410513723690458,-1.794632567261103,-0.7348058747212511,1.284566053533697,-0.6545758651759813,0.9603222079687327,-0.2322485320299149,1
-0.34682333476478205,-1.0658162902078807,0.26457867412032504,1.0049441504937833,0.7522701654178005,0.4967969781631213,-1.05750513080247,0.0704338841222101,-1.1645267994987059,-0.8760992440237212,1
0.3345956986031069,-1.0941665468358064,0.44512688150507185,-0.35226589943695574,1.3869901124185693,-0.20590438735005992,0.436471659807916,0.9435375655473877,0.5191055570821175,0.5719241557150861,1
-1.787706035213936,0.8203710362909347,-1.6770214103773435,-0.749026163817477,-2.5143787109977893,-0.4151419697731788,-0.7521332561837656,-0.3245178909872563,-1.0645106516784093,-0.2558278227446522,0
-0.8138258149486454,-0.28229630048913434,0.7282368331537583,-2.255939498457608,-0.1406289072448084,-0.2460877615550553,-1.6354064332773162,-0.5283529868133336,1.320966314357683,0.2680117840883157,0
-0.6558069632703147,0.6356478884472019,0.26448360406258725,-1.3720743291855664,-0.45774659277223734,-0.13462064979666258,-0.07672839496727196,0.2518290463107146,-0.08151416467552526,-0.0398935216805006,0
-0.6186938175159893,-0.4545375030259945,-0.6041318688756462,0.42016293984183195,-0.20251138230618648,-0.6675082529730677,0.6648573576048594,2.3354379885233736,-0.22118042596625312,1.1870364182573008,0
-0.60009821039952,0.15215679333482765,0.8511838935027901,1.0693223667950456,2.0793766512365606,-0.5124936334423107,0.05384387755844742,1.3304175782166014,1.2793205054997814,-0.8602168990603795,0
-0.014181508717577354,0.9983585209007867,1.2182004204149677,-0.9461686365396965,0.35467061705308983,-2.2166683255468347,1.013292871774317,1.7577308234162827,-1.0926663036129547,-0.2182566565817696,1
-1.4145786557631719,-0.45842818574165745,0.5429692440458065,0.5850760439251593,0.4052894562380805,-1.3881684753469057,-0.8412910231158969,1.8655954984261842,0.23131711658887785,-0.42425085774908444,0
0.2529241159081826,-0.5786864172433068,0.16544826970844606,-0.7625585835505574,-0.6724641467847848,-1.562627547294411,1.7514967848490575,0.7193346780121523,0.6245540455224453,0.8694210135895347,0
-0.12347384632592827,-1.0795839265027458,0.5130650666733377,0.6907420810383345,0.538393614311805,-0.38911879131936244,-1.5070758822116932,0.7940094514719284,0.4121461066519252,-0.05674652003068351,1
-0.23141903768427213,-0.12622448413605752,-0.5583164334164079,-1.4675814225060064,-0.10364898021773093,-0.4285946531299669,0.3215059284045003,-0.3067098110738141,0.2873168880922344,-1.2013658370890563,0
0.4539145844076185,2.0687108811461163,-0.09595827005433091,0.630971561952857,0.8775118977236104,0.3577469273589399,0.24514198473204302,-1.5539483498594469,-0.8120165317339593,1.5463387219479314,0
0.20800302028545717,0.21475951947291677,1.94295564292356,-1.7060410636932102,1.0556915650026215,0.6550321305353255,-1.9396296949669973,-0.627642287282944,0.42917757167632353,-0.6971483560059718,1
-0.7592253416328627,0.6104377612548615,-0.18335730645225787,0.1943358864583827,-0.1570686006592748,0.13841901754568675,0.30722058947587705,2.2131495733997437,0.4092616610451587,-0.6961141225146247,1
0.38597931932434,0.2639192977172961,3.3106800582477436,-1.4168674160854964,0.6966166609277529,0.26461151276943007,1.5343554608822227,-1.0156929487583688,-1.2266030485008859,0.35630181554482215,1
0.8416144443462651,0.44428556247928264,0.6367121527991919,-0.041278486387922315,1.0072356139041962,0.13266038243141628,-0.49985877906303144,1.4712323029287684,-0.8585360773188876,-1.5989049019732768,1
-0.3915838087264395,-0.13447301272085968,-0.06182993958949277,-0.29667200946776284,0.37775916980219115,-0.3367716402342027,-0.8661256069067167,1.4005224776651435,-0.1717262462083753,1.0954277645467976,0
0.17621844293981462,0.4875778093681058,1.5438765972547668,-1.8527593302644443,1.128326738862537,0.06699714702279543,0.874328164466829,-0.44666667661045595,0.01017655291922074,-0.15139007589662046,1
-1.0994121244898645,-0.06168653545336215,1.8105316614232414,1.2735557900509897,1.4049878715977444,-0.22310066895476163,-0.1731882010335036,-0.43958518575806377,-2.0534471055257284,-0.23801487992648404,0
-0.7441938625676129,0.8750106534750496,0.9328418955880727,0.4397763816548952,-0.8888065437171266,-0.590677952435978,1.344860476233612,0.32763107959685683,1.0102051837970971,-0.4427352374938638,1
0.9690051889409822,-0.32069117709417355,-0.4806853755889943,0.2746999568249692,-0.7193488191516558,-1.1453554337654894,1.36432789024692,0.6977738758177617,-0.46875647280124383,-0.017271622377043345,1
1.1348757695968974,-0.508924537162201,-2.4149686935396932,2.26727390426691,-1.4689580238411875,-0.45594475236602156,-2.19190798280299,-2.2000219885513803,0.3275437242416135,-1.3111680946998219,0
0.6330827101716543,-0.1591265651859938,-0.1660708804974079,0.6153042125339241,0.6519162877771204,1.3592943679225946,-1.3825884148505516,-0.7463189898492898,0.6727652589278552,0.7667442943927492,1
-0.5367438693462067,-1.2325391431835504,0.0028874105646923753,-2.996761604762725,-1.6787097440495127,1.1218865988230655,-1.291149046661543,2.0409177537355614,0.11410724455819124,0.2672480909042766,0
2.695427364219118,0.8978396819896863,-0.31974584204874307,-0.557114597004205,-0.6458328905850751,-2.066901899582242,0.3669680979623962,0.02071408342287196,-0.6928982670024281,0.8694001766984644,1
-0.6104496082250214,-1.7709121349040247,-1.1181609589524386,-0.07047705088012013,0.29365777050808095,1.8439566470007127,-0.42657080383788015,0.488540387462982,0.9851679904432313,0.5681603186557863,0
0.2622053859838585,-1.1683078561304467,-0.4273509357793124,2.131246487834625,0.1401541719441677,-0.07139352192301932,-1.2000771148687928,0.21452712085289838,1.6894286718761466,-0.6319624765009827,0
-0.9575590833417593,-0.10347644097532795,-0.5374937198952092,-0.7007813354350887,2.115465177199709,0.7267873243347864,-1.4767440814600654,-0.12185212024437278,0.8581994279389127,-0.3622559877193491,0
0.7459047874847915,-1.199818146060459,0.4554298609847236,-0.11489452796804797,0.49738494439875086,-0.1260660328527834,-0.7260322718107799,0.32681720009334897,0.39217284428871707,0.5787609930063825,1
-1.43287273511097,-0.5681156311061009,-0.2943232437104846,-0.3518269779648862,-0.4371325650560525,0.01767152112702768,1.2860207567775086,1.6479446334165904,1.0917086302169383,0.47416085312653256,0
-3.326870107456545,-0.7220667003612804,0.4667920243948707,-0.9869604662956988,1.0499257326502303,-0.7335198140979545,0.08754734320813405,-0.5048424869909438,0.19578299356298853,-1.5070402551035982,0
-0.3753932031921457,-0.9231358979997109,-1.1648113258867563,-1.7024456812640112,0.9092829373790172,-1.1821053658062814,0.6414681291744372,-0.21903807741536976,0.37664711044013555,-0.10291825549878102,0
-0.14002955219312177,-1.3526775220421998,2.5511381209399016,0.9440898470276863,0.8875887934002106,-2.311148322320079,-0.7850461305244337,-0.8346646751361354,0.07664890187437151,-0.7947238303775587,1
0.5140290983076823,-0.012262028254905641,0.6816039715865458,1.0064932189227287,-0.9420346118619211,-0.7334250664653087,-1.0352497093576072,0.7085275332028773,-0.2186178796445399,-0.5557801447058143,1
-1.3904871689052454,0.23601841131424253,-0.14152337364602535,-0.011855728176082367,-0.47961425482758263,-1.5620076111383816,1.1298484109634628,-0.11775856876308137,0.1318332028441092,-0.8595581736818898,0
1.2092207508179615,-0.9437258828246979,-0.5876793462024393,-1.0026165457117748,-1.222778908039116,0.6459432047885942,-0.5829301056127938,-1.1514476861125065,-0.28426165391788677,-0.41235523638592136,1
-0.0872364470397206,-0.6980669395636352,0.11506624704569181,-1.7690965446308715,-1.0290720846167267,0.5879295951455561,0.71545760498249,-1.8926352335181236,0.2523082246772736,-0.15730922736768396,0
1.0249961361846132,-1.1642601866191942,0.2645227553666602,0.7258623263177081,-1.4745636660271912,-0.7711032411311424,0.8205599751828531,-0.3378536925278026,0.7778651530672539,0.05570279183586543,1
-1.4781634902119645,-0.002111159926847774,0.2810481518633767,-0.6590164036983174,0.9171239278462597,-1.413960547641004,-0.1565522624422006,-0.42217814689731664,-0.9115196178246695,-1.5500360326200981,0
-2.120773336090958,-1.321612041865104,-0.27888536777938505,-0.6758485051730069,-0.25266820671874984,-0.3284246210687022,-0.5623108097584534,0.11791358251374974,0.7386377969874374,-1.587295576479942,0
0.1532001161162045,-1.7336693218625328,2.0830593102595256,-1.0191331306822646,-0.484130341153043,0.7653969495379638,0.31832073377970943,0.8324431655559804,1.3144749274102427,-0.39099832458393435,1
1.8697986136230553,-0.7293826363055097,-0.3734208743036909,0.7856587794645187,-2.4131383417363272,-0.7127046039164141,-0.2987258432131629,0.7380170766446099,-0.7817992230365202,0.7690273959022607,1
-1.1125890548672368,0.8974599734817972,0.6873360549029548,-0.5743125958378433,-0.35120095485054464,-0.2582670818157813,-0.4496731483918322,-0.6388247795057341,1.2823651538413017,0.3491576272822004,0
0.3805488600210808,-1.602314243335623,-0.09725292005031594,1.0200116560844064,0.05788055045426294,-0.5867679005854531,-0.16201951065403583,0.7345189188944968,-0.23493024097000295,-2.169850303806109,1
-0.8261013573945828,0.07942432725440272,-1.6161756018887317,-0.06482199198548609,0.39926632368609855,2.1468903668704207,1.3865766703101874,0.3207754132797408,-1.8283553815619282,0.22627238393305849,0
-1.5077323778065799,-1.10993297559804,1.0428050413732246,-0.8421046445027196,0.6068399112654835,0.13307492447485397,0.8650573861560134,-0.24397998826896833,-0.2093757072790705,1.4733436471202586,0
0.643256277885669,0.3144437342194759,-0.03154737290361876,0.5218069706284418,-0.14639464210000389,0.5733429085084808,-0.12474972426163422,-1.7299502125675141,-1.6893877595002986,-0.693947037170705,1
1.9713565866225151,1.3588220073071768,-0.4124186611837809,-0.8204986696390059,-0.5156217279751633,-0.2375643932857574,1.1943707904780796,-0.587757621210744,-1.5048339601193865,-0.5264659224499768,1
-1.2270862227779027,1.488180592888767,-0.16697383889268816,0.07909309473257273,-0.06567238193428915,-1.9604904161690953,0.22436715407900518,0.4722598008931188,-0.42620013504966053,0.3393480843916682,0
-0.36322451814885326,-0.1208382756290028,0.7818907330549651,-0.4188408718328557,0.4924855003539733,0.07127987089431422,-0.009271484782550705,-0.5166283932207258,-0.725013762237037,-0.006171960493082105,0
1.1833866172278042,0.374756570469951,1.1999086737299607,0.01995095562016491,-1.5761475819611213,1.1804881350168075,-0.05354525598450708,1.104275941043664,0.7565580930299501,0.8490184738110997,1
0.4563058707917697,-2.9537555493190912,0.8375028909877477,0.2904071696787565,0.7614484031257602,0.902256390799344,0.33184393771248366,0.6629511195583497,-1.4456750703002956,0.10853347423172223,1
0.7186772841208694,0.6600005135614802,-0.875052799301122,-1.8323584687689487,-0.5997452328296794,0.04651067274983724,0.2748664205233325,1.6354516731942192,1.2395638124694486,-0.739546350742582,0
0.6313191638631964,-0.4109089835232745,0.7932018472522254,-0.67177489086531,1.2955975493181064,-0.5528066779357411,-0.3583724771832253,-0.9200805910869497,0.8166671297679959,0.06582241046574615,1
0.4276410383578448,0.7451406218303778,-0.8385124432042234,1.6581526312507064,0.7713477414802735,0.2341568736602126,0.0020270923314550673,-0.25423341256580123,-0.5284758960162087,0.922512320439406,1
0.19557231544411002,-0.018225082394306383,-0.5529905128097972,0.17244020204609486,2.0412975203885506,0.46375426826987254,-1.9798752701229811,-2.2994714701581507,0.7138348560810323,-1.3699219200767077,0
0.29000832207095006,0.6242756806497425,0.6959934052009418,1.9860750793068584,-0.3949328303788099,0.22903487374342296,-0.592453889930549,-1.2899334156756572,-0.7684698404211073,1.4589994667328063,1
1.4694790519468832,-0.8039877698800182,0.8144972376414036,-0.16368332023330737,0.9054183652067983,-0.8748579739212775,0.3251211053455814,0.15425813060943266,-0.8619030767263027,-0.5459057400997855,1
-0.4831599400528999,0.031158203200666514,1.6837438413400596,1.614658950185133,1.624625627593815,0.6257234597404121,0.9923589852495763,-0.962698534819096,0.08616922327309526,1.1407220974865246,1
0.38898373368105477,-0.6269270273881418,0.5168956740966381,0.2506243198320681,0.21742998437254055,-0.5036246822749436,0.7073605400310748,-0.12427414455758211,-0.7302430081456786,0.029359444585524485,1
0.6114363749740033,1.3911561566667785,1.1869714620114489,-1.7209049874921136,1.099974514715843,0.6126774913655503,0.5173757728114553,1.433878293754361,1.7340585443861891,0.7148573383644334,1
-0.05614307498601653,-0.4812960413967444,0.28544143797998295,0.46000889653499344,-0.6165868189113164,1.8076529653282531,1.6198066892834437,0.9532628819797685,1.9939662968429945,0.9833202317009447,1
-0.2730227457759754,0.9904917239451755,2.1147029857417134,-0.14110774309021348,-1.1828783954733642,1.0643108841783024,-1.6223442326445394,-0.9276791698587648,0.4455391978697365,-0.3239234479319593,1
1.804312096409802,0.09639631454873349,0.7201440605907986,1.1957157068418152,0.1333293779443098,0.5982170032268327,-1.7299805688177077,2.111304121485037,0.16701309823412558,-0.18809094066874477,1
-0.5583869755155961,0.27208987891322073,-0.5377433879826418,0.26322676471667633,-0.6035120407742821,-1.3932521825573492,-0.73513912826514,-0.7956810808045762,0.40207927197532023,0.14834230870626613,0
-0.49502565494641587,0.3375147133185462,-0.6174507104886462,-0.03437988246120591,-0.27914511253119834,0.41770234068605044,-0.8721049422838726,-0.14645494181192045,-0.030880325882399823,-1.0915720433431668,0
0.05152758336580002,-0.0429269175745559,0.9207037064848604,-1.1012114779934905,-1.453980807327012,-1.611942488438987,0.2137219341700014,-0.5333421021093551,-0.9887780554718384,0.23639144685879962,1
0.85698222225438,1.8784717146719372,1.2349819128945396,-0.6449557346942084,1.4464504574011554,-0.7453330803682456,0.4182664107878549,0.7710179933494973,-1.4688218912816893,0.132924055186507,1
0.0972856085442215,2.178748510352689,-0.6037002254979723,0.7553370678349403,-0.17321285720249424,0.08409491004979613,-0.9289489458270888,0.9800308385879186,1.2452371757767107,1.1874137490072498,0
-1.6994917684116917,-1.8532888650882562,-0.07348654733880948,1.127393918897941,0.8027636900891059,-0.25719258408727413,-0.6884510708320924,1.6756082966030161,1.4186277524817053,-0.7302003834918545,0
-0.0644526727811094,-0.09365429061659634,2.0752273297070216,0.7062456161057029,1.1232722951427618,-0.8743640966633188,0.27768096375701595,-0.10505030362654673,0.15000076471736448,0.40879989427974933,1
-0.06997780868904459,-1.0542396337853575,1.162660406749339,-0.9380593536935061,-0.7894150106843699,-1.8356857252517118,0.35261273753819017,0.12562309900206534,-0.6574168963717284,-0.8679914774692424,1
0.16842268898578225,-0.2952388237498023,-1.025428668458555,0.45305307558105645,0.9058446563649329,0.36594114670423616,0.8469122180423199,0.24443183224330714,1.5462635232131172,0.9097835730208302,0
-0.3307946222355768,1.101841029790573,0.3659589834482303,-0.5025018078206891,-0.6634187459539974,-0.2828870722619014,-1.9446057799801704,-0.7495105312683328,-0.483122548998735,-1.5330802525033442,0
-0.8614432555807732,-0.9800781676502259,-1.5293830922213292,-0.13476107586329708,0.2091608264966229,0.34465083200084634,1.1387610584163321,-0.1725362519367236,-0.47576219339040365,0.005114477161224931,0
1.2475949323501623,1.5868022211799337,-0.5542106208413963,0.4027438375738607,-0.15117758104232368,0.5753254857955392,-2.4311691905885793,-0.4197910957914159,-1.8663060144007295,-3.136547096243239,1
0.3796281851602373,-0.9189602855071262,1.2860283523332023,0.7882924011192128,1.2621430409311818,0.8239942115373212,-0.4593545672163019,0.37728075924910626,-1.507499527216914,-1.2035636099681162,1
0.5000229613119415,1.7878982507005232,0.21861575836709907,-1.1249556216456256,-0.07130824689512472,0.6064588760560982,1.0295740390685735,0.15656317299570796,1.7347626848437954,1.0887706332580314,0
0.4090766064869274,-0.3428127042633284,2.415256779380845,-0.4279433403304046,-0.2998337452003345,-0.9071831801201446,0.26150433606218704,-1.7423846856814764,0.550138016234395,-1.6252234989202576,1
0.6513936526541642,-1.4581377486624534,-1.303005078988825,-0.7922711865153536,0.1527102593317842,-0.27030833581805286,-1.0421587327956858,-0.2265238257290055,0.5346819563222973,-1.8451945642949812,0
1.2372789719930113,-0.05916747073046554,-2.699605524525161,0.12177754156306429,-0.23478894631429678,-0.49038237987212546,-0.375520371928011,-0.45590077255134837,0.7357206968150062,0.17322550974396186,0
0.59872761022076,-0.23563353294995612,1.2858458392241119,-0.16711115939577773,0.586649397530048,-0.16885984933446088,-0.14740664725461547,0.8930303125722807,0.8452918159978792,0.06355604763569161,1
0.13250090745822504,-0.3459924212349105,0.6545867855963978,0.36613591414305585,0.8619611480074375,0.224029150288727,0.010605296373754125,0.8685132222180661,-0.12185276399868704,0.7562215649647351,1
